{"cameraMode":{"drawMode":0,"name":"Shaded","section":"Shading Mode"},"sceneLighting":true,"audioPlay":false,"sceneViewState":{"m_AlwaysRefresh":false,"showFog":true,"showSkybox":true,"showFlares":true,"showImageEffects":true,"showParticleSystems":true,"showVisualEffectGraphs":true,"m_FxEnabled":true},"in2DMode":false,"pivot":{"x":-0.7050812244415283,"y":0.6307085752487183,"z":2.912923812866211},"rotation":{"x":-0.2706054151058197,"y":-0.036102794110774997,"z":0.010237878188490868,"w":-0.9620056748390198},"size":3.6737897396087648,"orthographic":false}